kernel,size,bound,oi,working_set_bytes,has_loop_carried_dep,action,tile_size,vector_length,reason,time_plain,time_optimized,speedup,achieved_gflops
monte_carlo_option_price,SMALL,memory-bound,0.0,0,True,tile,128,,"memory-bound (OI=0); tiling to 128 elements per dimension (working_set_bytes=0, L2=262144)",0.00017252424731850624,0.00017190119251608849,1.003624493776327,0.0
monte_carlo_option_price,MEDIUM,memory-bound,0.0,0,True,tile,128,,"memory-bound (OI=0); tiling to 128 elements per dimension (working_set_bytes=0, L2=262144)",0.004042268265038729,0.004035200923681259,1.0017514224176531,0.0
monte_carlo_option_price,LARGE,memory-bound,0.0,0,True,tile,128,,"memory-bound (OI=0); tiling to 128 elements per dimension (working_set_bytes=0, L2=262144)",0.02501438930630684,0.02418014919385314,1.0345010324694677,0.0
binomial_tree_price,SMALL,memory-bound,0.0,0,False,tile,128,,"memory-bound (OI=0); tiling to 128 elements per dimension (working_set_bytes=0, L2=262144)",2.7792062610387802e-05,2.7747824788093567e-05,1.0015942807276632,0.0
binomial_tree_price,MEDIUM,memory-bound,0.0,0,False,tile,128,,"memory-bound (OI=0); tiling to 128 elements per dimension (working_set_bytes=0, L2=262144)",0.00033727381378412247,0.00033908477053046227,0.9946592802044553,0.0
binomial_tree_price,LARGE,memory-bound,0.0,0,False,tile,128,,"memory-bound (OI=0); tiling to 128 elements per dimension (working_set_bytes=0, L2=262144)",0.0015391581691801548,0.0015316740609705448,1.004886227690549,0.0
black_scholes_grid,SMALL,memory-bound,1.125,1536,False,tile,73,,"memory-bound (OI=1.12); tiling to 73 elements per dimension (working_set_bytes=1536, L2=262144)",4.285946488380432e-06,4.348345100879669e-06,0.9856500321267937,0.39739256197729705
black_scholes_grid,MEDIUM,memory-bound,1.125,12288,False,tile,73,,"memory-bound (OI=1.12); tiling to 73 elements per dimension (working_set_bytes=12288, L2=262144)",2.9033981263637543e-05,2.9300805181264877e-05,0.9908936318993055,0.47179590849056785
black_scholes_grid,LARGE,memory-bound,1.125,98304,False,tile,73,,"memory-bound (OI=1.12); tiling to 73 elements per dimension (working_set_bytes=98304, L2=262144)",0.0002242065966129303,0.0002268482930958271,0.988354787920838,0.48751523976987926
historical_var,SMALL,memory-bound,0.0,0,False,none,,,no explicit scalar loop nest found in this kernel's IR,0.00011628633365035057,0.00011569401249289513,1.0051197217962495,0.0
historical_var,MEDIUM,memory-bound,0.0,0,False,none,,,no explicit scalar loop nest found in this kernel's IR,0.004121345467865467,0.004379166755825281,0.9411254920546578,0.0
historical_var,LARGE,memory-bound,0.0,0,False,none,,,no explicit scalar loop nest found in this kernel's IR,0.043444487266242504,0.04347877763211727,0.9992113309586368,0.0
portfolio_covariance_var,SMALL,memory-bound,0.0,0,False,none,,,no explicit scalar loop nest found in this kernel's IR,6.756745278835297e-06,6.76838681101799e-06,0.99828001375989,0.0
portfolio_covariance_var,MEDIUM,memory-bound,0.0,0,False,none,,,no explicit scalar loop nest found in this kernel's IR,0.00011834036558866501,0.00011850148439407349,0.9986403646651997,0.0
portfolio_covariance_var,LARGE,memory-bound,0.0,0,False,none,,,no explicit scalar loop nest found in this kernel's IR,0.003993239253759384,0.009939479641616344,0.40175536323247696,0.0
rolling_volatility,SMALL,memory-bound,0.1875,3200,False,tile,90,,"memory-bound (OI=0.188); tiling to 90 elements per dimension (working_set_bytes=3200, L2=262144)",2.3429282009601593e-05,2.3222994059324265e-05,1.0088829179282548,0.025836461847566723
rolling_volatility,MEDIUM,memory-bound,0.1875,32000,False,tile,90,,"memory-bound (OI=0.188); tiling to 90 elements per dimension (working_set_bytes=32000, L2=262144)",0.00023034634068608284,0.00022774003446102142,1.0114442163461932,0.02634582898083702
rolling_volatility,LARGE,memory-bound,0.1875,160000,False,tile,90,,"memory-bound (OI=0.188); tiling to 90 elements per dimension (working_set_bytes=160000, L2=262144)",0.0013157450594007969,0.0013209101743996143,0.996089730324649,0.022711612478596984
garch_11,SMALL,memory-bound,0.198015873015873,7984,False,tile,90,,"memory-bound (OI=0.198); tiling to 90 elements per dimension (working_set_bytes=7984, L2=262144)",2.4659093469381332e-05,2.5517772883176804e-05,0.9663497509078632,0.15643998472264092
garch_11,MEDIUM,memory-bound,0.19996,79984,False,tile,90,,"memory-bound (OI=0.2); tiling to 90 elements per dimension (working_set_bytes=79984, L2=262144)",0.00021943263709545135,0.0002290387637913227,0.9580589480275771,0.1746079979563491
garch_11,LARGE,memory-bound,0.19999333333333333,479984,False,tile,90,,"memory-bound (OI=0.2); tiling to 90 elements per dimension (working_set_bytes=479984, L2=262144)",0.0012275772169232368,0.0012586116790771484,0.9753423055976511,0.19067994043720402
yield_curve_bootstrap,SMALL,memory-bound,0.15625,320,False,tile,90,,"memory-bound (OI=0.156); tiling to 90 elements per dimension (working_set_bytes=320, L2=262144)",9.569339454174042e-07,9.723007678985596e-07,0.9841954022988506,0.06170930022988506
yield_curve_bootstrap,MEDIUM,memory-bound,0.18028846153846154,1600,False,tile,90,,"memory-bound (OI=0.18); tiling to 90 elements per dimension (working_set_bytes=1600, L2=262144)",3.8924627006053925e-06,3.8053840398788452e-06,1.022883015173764,0.07883566989720998
yield_curve_bootstrap,LARGE,memory-bound,0.18503289473684212,4800,False,tile,90,,"memory-bound (OI=0.185); tiling to 90 elements per dimension (working_set_bytes=4800, L2=262144)",3.4011900424957275e-05,3.4316908568143845e-05,0.9911120157405523,0.026226138587421125
markowitz_optimize,SMALL,memory-bound,0.0,0,False,none,,,no explicit scalar loop nest found in this kernel's IR,1.1460855603218079e-05,1.1392403393983841e-05,1.0060085836909871,0.0
markowitz_optimize,MEDIUM,memory-bound,0.0,0,False,none,,,no explicit scalar loop nest found in this kernel's IR,0.00018186215311288834,0.00018219929188489914,0.9981496153551256,0.0
markowitz_optimize,LARGE,memory-bound,0.0,0,False,none,,,no explicit scalar loop nest found in this kernel's IR,0.0013901419006288052,0.001052703708410263,1.3205443179526015,0.0
correlated_asset_paths,SMALL,memory-bound,0.0,40,False,tile,128,,"memory-bound (OI=0); tiling to 128 elements per dimension (working_set_bytes=40, L2=262144)",0.00045365793630480766,0.0004550553858280182,0.9969290561836386,0.0
correlated_asset_paths,MEDIUM,memory-bound,0.0,64,False,tile,128,,"memory-bound (OI=0); tiling to 128 elements per dimension (working_set_bytes=64, L2=262144)",0.005639503709971905,0.005633355583995581,1.0010913789986542,0.0
correlated_asset_paths,LARGE,memory-bound,0.0,96,False,tile,128,,"memory-bound (OI=0); tiling to 128 elements per dimension (working_set_bytes=96, L2=262144)",0.031761723570525646,0.03185679763555527,0.9970155799676641,0.0
black_scholes_pde_crank_nicolson,SMALL,memory-bound,0.3098958333333333,2352,False,tile,52,,"memory-bound (OI=0.31); tiling to 52 elements per dimension (working_set_bytes=2352, L2=262144)",3.1391624361276627e-05,2.935994416475296e-05,1.0691990483743061,0.028371988561205392
black_scholes_pde_crank_nicolson,MEDIUM,memory-bound,0.3471765350877193,7152,False,tile,52,,"memory-bound (OI=0.347); tiling to 52 elements per dimension (working_set_bytes=7152, L2=262144)",0.0002560731954872608,0.000257931649684906,0.992794780322944,0.009820431122331668
black_scholes_pde_crank_nicolson,LARGE,memory-bound,0.3483415570175439,14352,False,tile,52,,"memory-bound (OI=0.348); tiling to 52 elements per dimension (working_set_bytes=14352, L2=262144)",0.0009772791527211666,0.000985385850071907,0.9917730731061859,0.0051583854178838436
