suite,kernel,njit_variant,fastmath,boundscheck,style,baseline_llvm,baseline_gflops,suggested_llvm,suggested_gflops,reason,speedup
financial,black_scholes,njit_boundscheck,False,True,transcendental,llvm_O3_loopvec,2.650023679138297,llvm_O3_novec,2.655413033691525,"style=transcendental, boundscheck=True -> llvm_O3_novec (measured avg 99.7% of peak across the sweep)",1.0020337005271516
financial,black_scholes,njit_default,False,False,transcendental,llvm_O3_loopvec,2.7245492756000322,llvm_O3_novec,2.7243819844603667,"style=transcendental, boundscheck=False -> llvm_O3_novec (measured avg 99.7% of peak across the sweep)",0.9999385986000827
financial,black_scholes,njit_fastmath,True,False,transcendental,llvm_O3_loopvec,2.8758947618162045,llvm_O3_novec,2.8370897216070627,"style=transcendental, boundscheck=False -> llvm_O3_novec (measured avg 99.7% of peak across the sweep)",0.9865067940856656
financial,black_scholes,njit_fastmath_boundscheck,True,True,transcendental,llvm_O3_loopvec,2.8578397845534074,llvm_O3_novec,2.8523898489442026,"style=transcendental, boundscheck=True -> llvm_O3_novec (measured avg 99.7% of peak across the sweep)",0.9980929877039778
financial,monte_carlo_option_pricing,njit_boundscheck,False,True,transcendental,llvm_O3_loopvec,1.419255228511173,llvm_O3_novec,1.4203209746654213,"style=transcendental, boundscheck=True -> llvm_O3_novec (measured avg 99.7% of peak across the sweep)",1.0007509193081263
financial,monte_carlo_option_pricing,njit_default,False,False,transcendental,llvm_O3_loopvec,1.418646856028937,llvm_O3_novec,1.4205826063196445,"style=transcendental, boundscheck=False -> llvm_O3_novec (measured avg 99.7% of peak across the sweep)",1.0013645046915525
financial,monte_carlo_option_pricing,njit_fastmath,True,False,transcendental,llvm_O3_loopvec,1.4102197344414538,llvm_O3_novec,1.41288349621952,"style=transcendental, boundscheck=False -> llvm_O3_novec (measured avg 99.7% of peak across the sweep)",1.0018888983844219
financial,monte_carlo_option_pricing,njit_fastmath_boundscheck,True,True,transcendental,llvm_O3_loopvec,1.4110783988366806,llvm_O3_novec,1.412640887873927,"style=transcendental, boundscheck=True -> llvm_O3_novec (measured avg 99.7% of peak across the sweep)",1.0011073013650655
financial,portfolio_risk_simulation,njit_boundscheck,False,True,vectorizable,llvm_O3_loopvec,1.5418196251924035,llvm_O3_vec_forcewidth2,1.5529148860826867,"style=vectorizable, boundscheck=True -> llvm_O3_vec_forcewidth2 (measured avg 96.3% of peak across the sweep)",1.0071962120010625
financial,portfolio_risk_simulation,njit_default,False,False,vectorizable,llvm_O3_loopvec,1.7342053092787002,llvm_O3_loopvec,1.7342053092787002,"style=vectorizable, boundscheck=False -> llvm_O3_loopvec (measured avg 95.5% of peak across the sweep)",1.0
financial,portfolio_risk_simulation,njit_fastmath,True,False,vectorizable,llvm_O3_loopvec,1.7439534025339611,llvm_O3_loopvec,1.7439534025339611,"style=vectorizable, boundscheck=False -> llvm_O3_loopvec (measured avg 95.5% of peak across the sweep)",1.0
financial,portfolio_risk_simulation,njit_fastmath_boundscheck,True,True,vectorizable,llvm_O3_loopvec,1.452038087524988,llvm_O3_vec_forcewidth2,1.452363445267824,"style=vectorizable, boundscheck=True -> llvm_O3_vec_forcewidth2 (measured avg 96.3% of peak across the sweep)",1.0002240697028757
financial,value_at_risk,njit_boundscheck,False,True,vectorizable,llvm_O3_loopvec,0.00014131880407603723,llvm_O3_vec_forcewidth2,0.00014229651505749753,"style=vectorizable, boundscheck=True -> llvm_O3_vec_forcewidth2 (measured avg 96.3% of peak across the sweep)",1.0069184776070865
financial,value_at_risk,njit_default,False,False,vectorizable,llvm_O3_loopvec,0.00014244804571565895,llvm_O3_loopvec,0.00014244804571565895,"style=vectorizable, boundscheck=False -> llvm_O3_loopvec (measured avg 95.5% of peak across the sweep)",1.0
financial,value_at_risk,njit_fastmath,True,False,vectorizable,llvm_O3_loopvec,0.00014200040463230028,llvm_O3_loopvec,0.00014200040463230028,"style=vectorizable, boundscheck=False -> llvm_O3_loopvec (measured avg 95.5% of peak across the sweep)",1.0
financial,value_at_risk,njit_fastmath_boundscheck,True,True,vectorizable,llvm_O3_loopvec,0.00014257091714882847,llvm_O3_vec_forcewidth2,0.0001421658257937795,"style=vectorizable, boundscheck=True -> llvm_O3_vec_forcewidth2 (measured avg 96.3% of peak across the sweep)",0.9971586676781626
npbench,azimint_naive,njit_boundscheck,False,True,vectorizable,llvm_O3_loopvec,0.0021850115221807576,llvm_O3_vec_forcewidth2,0.001435199230685531,"style=vectorizable, boundscheck=True -> llvm_O3_vec_forcewidth2 (measured avg 96.3% of peak across the sweep)",0.6568382894627146
npbench,azimint_naive,njit_default,False,False,vectorizable,llvm_O3_loopvec,0.002483458793533998,llvm_O3_loopvec,0.002483458793533998,"style=vectorizable, boundscheck=False -> llvm_O3_loopvec (measured avg 95.5% of peak across the sweep)",1.0
npbench,azimint_naive,njit_fastmath,True,False,vectorizable,llvm_O3_loopvec,0.002280357778491702,llvm_O3_loopvec,0.002280357778491702,"style=vectorizable, boundscheck=False -> llvm_O3_loopvec (measured avg 95.5% of peak across the sweep)",1.0
npbench,azimint_naive,njit_fastmath_boundscheck,True,True,vectorizable,llvm_O3_loopvec,0.0020018459394081966,llvm_O3_vec_forcewidth2,0.001432932738723494,"style=vectorizable, boundscheck=True -> llvm_O3_vec_forcewidth2 (measured avg 96.3% of peak across the sweep)",0.7158057023844254
npbench,compute,njit_boundscheck,False,True,non_fp,llvm_O3_loopvec,2.330846695870761e-07,llvm_O3_loopvec,2.330846695870761e-07,"style=non_fp, boundscheck=True -> llvm_O3_loopvec (measured avg 99.1% of peak across the sweep)",1.0
npbench,compute,njit_default,False,False,non_fp,llvm_O3_loopvec,2.332254404138944e-07,llvm_O3_loopvec,2.332254404138944e-07,"style=non_fp, boundscheck=False -> llvm_O3_loopvec (measured avg 99.1% of peak across the sweep)",1.0
npbench,compute,njit_fastmath,True,False,non_fp,llvm_O3_loopvec,2.3378027687198192e-07,llvm_O3_loopvec,2.3378027687198192e-07,"style=non_fp, boundscheck=False -> llvm_O3_loopvec (measured avg 99.1% of peak across the sweep)",1.0
npbench,compute,njit_fastmath_boundscheck,True,True,non_fp,llvm_O3_loopvec,2.33902474723364e-07,llvm_O3_loopvec,2.33902474723364e-07,"style=non_fp, boundscheck=True -> llvm_O3_loopvec (measured avg 99.1% of peak across the sweep)",1.0
npbench,crc16,njit_boundscheck,False,True,non_fp,llvm_O3_loopvec,0.00016200087869643935,llvm_O3_loopvec,0.00016200087869643935,"style=non_fp, boundscheck=True -> llvm_O3_loopvec (measured avg 99.1% of peak across the sweep)",1.0
npbench,crc16,njit_default,False,False,non_fp,llvm_O3_loopvec,0.00016217215284700196,llvm_O3_loopvec,0.00016217215284700196,"style=non_fp, boundscheck=False -> llvm_O3_loopvec (measured avg 99.1% of peak across the sweep)",1.0
npbench,crc16,njit_fastmath,True,False,non_fp,llvm_O3_loopvec,0.00015699127480078953,llvm_O3_loopvec,0.00015699127480078953,"style=non_fp, boundscheck=False -> llvm_O3_loopvec (measured avg 99.1% of peak across the sweep)",1.0
npbench,crc16,njit_fastmath_boundscheck,True,True,non_fp,llvm_O3_loopvec,0.00015940347743467935,llvm_O3_loopvec,0.00015940347743467935,"style=non_fp, boundscheck=True -> llvm_O3_loopvec (measured avg 99.1% of peak across the sweep)",1.0
npbench,go_fast,njit_boundscheck,False,True,transcendental,llvm_O3_loopvec,0.5921267384114128,llvm_O3_novec,0.6116012943972602,"style=transcendental, boundscheck=True -> llvm_O3_novec (measured avg 99.7% of peak across the sweep)",1.0328891683528676
npbench,go_fast,njit_default,False,False,transcendental,llvm_O3_loopvec,0.5544561159034737,llvm_O3_novec,0.6148839969716228,"style=transcendental, boundscheck=False -> llvm_O3_novec (measured avg 99.7% of peak across the sweep)",1.108985868015331
npbench,go_fast,njit_fastmath,True,False,transcendental,llvm_O3_loopvec,0.593618629854583,llvm_O3_novec,0.6140373671979644,"style=transcendental, boundscheck=False -> llvm_O3_novec (measured avg 99.7% of peak across the sweep)",1.0343970628893222
npbench,go_fast,njit_fastmath_boundscheck,True,True,transcendental,llvm_O3_loopvec,0.5911371022755258,llvm_O3_novec,0.6144134262306847,"style=transcendental, boundscheck=True -> llvm_O3_novec (measured avg 99.7% of peak across the sweep)",1.039375508432069
npbench,mandelbrot1,njit_boundscheck,False,True,vectorizable,llvm_O3_loopvec,1.955833038550881,llvm_O3_vec_forcewidth2,2.115121971444481,"style=vectorizable, boundscheck=True -> llvm_O3_vec_forcewidth2 (measured avg 96.3% of peak across the sweep)",1.081443011624152
npbench,mandelbrot1,njit_default,False,False,vectorizable,llvm_O3_loopvec,2.11684719400024,llvm_O3_loopvec,2.11684719400024,"style=vectorizable, boundscheck=False -> llvm_O3_loopvec (measured avg 95.5% of peak across the sweep)",1.0
npbench,mandelbrot1,njit_fastmath,True,False,vectorizable,llvm_O3_loopvec,2.1629216460339817,llvm_O3_loopvec,2.1629216460339817,"style=vectorizable, boundscheck=False -> llvm_O3_loopvec (measured avg 95.5% of peak across the sweep)",1.0
npbench,mandelbrot1,njit_fastmath_boundscheck,True,True,vectorizable,llvm_O3_loopvec,1.977302197053494,llvm_O3_vec_forcewidth2,1.9528177097651838,"style=vectorizable, boundscheck=True -> llvm_O3_vec_forcewidth2 (measured avg 96.3% of peak across the sweep)",0.9876172254677124
npbench,nbody,njit_boundscheck,False,True,vectorizable,llvm_O3_loopvec,1.3266477937161063,llvm_O3_vec_forcewidth2,1.3020900923129413,"style=vectorizable, boundscheck=True -> llvm_O3_vec_forcewidth2 (measured avg 96.3% of peak across the sweep)",0.9814889064607148
npbench,nbody,njit_default,False,False,vectorizable,llvm_O3_loopvec,1.3122662714114393,llvm_O3_loopvec,1.3122662714114393,"style=vectorizable, boundscheck=False -> llvm_O3_loopvec (measured avg 95.5% of peak across the sweep)",1.0
npbench,nbody,njit_fastmath,True,False,vectorizable,llvm_O3_loopvec,1.3338060466433623,llvm_O3_loopvec,1.3338060466433623,"style=vectorizable, boundscheck=False -> llvm_O3_loopvec (measured avg 95.5% of peak across the sweep)",1.0
npbench,nbody,njit_fastmath_boundscheck,True,True,vectorizable,llvm_O3_loopvec,1.3179886907741105,llvm_O3_vec_forcewidth2,1.2904375191380328,"style=vectorizable, boundscheck=True -> llvm_O3_vec_forcewidth2 (measured avg 96.3% of peak across the sweep)",0.9790960485253514
npbench,spmv,njit_boundscheck,False,True,non_fp,llvm_O3_loopvec,0.2685609531523488,llvm_O3_loopvec,0.2685609531523488,"style=non_fp, boundscheck=True -> llvm_O3_loopvec (measured avg 99.1% of peak across the sweep)",1.0
npbench,spmv,njit_default,False,False,non_fp,llvm_O3_loopvec,0.2662094579922909,llvm_O3_loopvec,0.2662094579922909,"style=non_fp, boundscheck=False -> llvm_O3_loopvec (measured avg 99.1% of peak across the sweep)",1.0
npbench,spmv,njit_fastmath,True,False,non_fp,llvm_O3_loopvec,0.2720253628907812,llvm_O3_loopvec,0.2720253628907812,"style=non_fp, boundscheck=False -> llvm_O3_loopvec (measured avg 99.1% of peak across the sweep)",1.0
npbench,spmv,njit_fastmath_boundscheck,True,True,non_fp,llvm_O3_loopvec,0.274619366348455,llvm_O3_loopvec,0.274619366348455,"style=non_fp, boundscheck=True -> llvm_O3_loopvec (measured avg 99.1% of peak across the sweep)",1.0
polybench,2mm,njit_boundscheck,False,True,vectorizable,llvm_O3_loopvec,1.8679929031514213,llvm_O3_vec_forcewidth2,1.8813454258985989,"style=vectorizable, boundscheck=True -> llvm_O3_vec_forcewidth2 (measured avg 96.3% of peak across the sweep)",1.0071480586059245
polybench,2mm,njit_default,False,False,vectorizable,llvm_O3_loopvec,4.149277118764327,llvm_O3_loopvec,4.149277118764327,"style=vectorizable, boundscheck=False -> llvm_O3_loopvec (measured avg 95.5% of peak across the sweep)",1.0
polybench,2mm,njit_fastmath,True,False,vectorizable,llvm_O3_loopvec,3.0230162592399896,llvm_O3_loopvec,3.0230162592399896,"style=vectorizable, boundscheck=False -> llvm_O3_loopvec (measured avg 95.5% of peak across the sweep)",1.0
polybench,2mm,njit_fastmath_boundscheck,True,True,vectorizable,llvm_O3_loopvec,1.6067711398247895,llvm_O3_vec_forcewidth2,1.7085314803265517,"style=vectorizable, boundscheck=True -> llvm_O3_vec_forcewidth2 (measured avg 96.3% of peak across the sweep)",1.0633321933532232
polybench,3mm,njit_boundscheck,False,True,vectorizable,llvm_O3_loopvec,2.1301289794031635,llvm_O3_vec_forcewidth2,1.9543229098728876,"style=vectorizable, boundscheck=True -> llvm_O3_vec_forcewidth2 (measured avg 96.3% of peak across the sweep)",0.9174669368708674
polybench,3mm,njit_default,False,False,vectorizable,llvm_O3_loopvec,2.8081177912906816,llvm_O3_loopvec,2.8081177912906816,"style=vectorizable, boundscheck=False -> llvm_O3_loopvec (measured avg 95.5% of peak across the sweep)",1.0
polybench,3mm,njit_fastmath,True,False,vectorizable,llvm_O3_loopvec,1.802649113951775,llvm_O3_loopvec,1.802649113951775,"style=vectorizable, boundscheck=False -> llvm_O3_loopvec (measured avg 95.5% of peak across the sweep)",1.0
polybench,3mm,njit_fastmath_boundscheck,True,True,vectorizable,llvm_O3_loopvec,1.4754685978173463,llvm_O3_vec_forcewidth2,1.515489836455155,"style=vectorizable, boundscheck=True -> llvm_O3_vec_forcewidth2 (measured avg 96.3% of peak across the sweep)",1.0271244258922296
polybench,atax,njit_boundscheck,False,True,vectorizable,llvm_O3_loopvec,2.0693399492663,llvm_O3_vec_forcewidth2,2.5334591181125514,"style=vectorizable, boundscheck=True -> llvm_O3_vec_forcewidth2 (measured avg 96.3% of peak across the sweep)",1.2242836750968868
polybench,atax,njit_default,False,False,vectorizable,llvm_O3_loopvec,2.6674602857501197,llvm_O3_loopvec,2.6674602857501197,"style=vectorizable, boundscheck=False -> llvm_O3_loopvec (measured avg 95.5% of peak across the sweep)",1.0
polybench,atax,njit_fastmath,True,False,vectorizable,llvm_O3_loopvec,3.565666105579757,llvm_O3_loopvec,3.565666105579757,"style=vectorizable, boundscheck=False -> llvm_O3_loopvec (measured avg 95.5% of peak across the sweep)",1.0
polybench,atax,njit_fastmath_boundscheck,True,True,vectorizable,llvm_O3_loopvec,2.6121575807221595,llvm_O3_vec_forcewidth2,2.66388338229716,"style=vectorizable, boundscheck=True -> llvm_O3_vec_forcewidth2 (measured avg 96.3% of peak across the sweep)",1.0198019453178242
polybench,bicg,njit_boundscheck,False,True,vectorizable,llvm_O3_loopvec,2.8941451462537464,llvm_O3_vec_forcewidth2,2.8909877965886506,"style=vectorizable, boundscheck=True -> llvm_O3_vec_forcewidth2 (measured avg 96.3% of peak across the sweep)",0.9989090562133061
polybench,bicg,njit_default,False,False,vectorizable,llvm_O3_loopvec,4.284830993946982,llvm_O3_loopvec,4.284830993946982,"style=vectorizable, boundscheck=False -> llvm_O3_loopvec (measured avg 95.5% of peak across the sweep)",1.0
polybench,bicg,njit_fastmath,True,False,vectorizable,llvm_O3_loopvec,5.955175998868059,llvm_O3_loopvec,5.955175998868059,"style=vectorizable, boundscheck=False -> llvm_O3_loopvec (measured avg 95.5% of peak across the sweep)",1.0
polybench,bicg,njit_fastmath_boundscheck,True,True,vectorizable,llvm_O3_loopvec,2.9115396010455266,llvm_O3_vec_forcewidth2,2.898561292458192,"style=vectorizable, boundscheck=True -> llvm_O3_vec_forcewidth2 (measured avg 96.3% of peak across the sweep)",0.9955424585045403
polybench,correlation,njit_boundscheck,False,True,transcendental,llvm_O3_loopvec,1.4704207253728916,llvm_O3_novec,1.4803120559031493,"style=transcendental, boundscheck=True -> llvm_O3_novec (measured avg 99.7% of peak across the sweep)",1.0067268709965642
polybench,correlation,njit_default,False,False,transcendental,llvm_O3_loopvec,1.8043573079954025,llvm_O3_novec,1.7946712541047207,"style=transcendental, boundscheck=False -> llvm_O3_novec (measured avg 99.7% of peak across the sweep)",0.9946318537643507
polybench,correlation,njit_fastmath,True,False,transcendental,llvm_O3_loopvec,1.496091837144307,llvm_O3_novec,1.5054006073416222,"style=transcendental, boundscheck=False -> llvm_O3_novec (measured avg 99.7% of peak across the sweep)",1.0062220580088743
polybench,correlation,njit_fastmath_boundscheck,True,True,transcendental,llvm_O3_loopvec,1.3438423283945082,llvm_O3_novec,1.3538861174609382,"style=transcendental, boundscheck=True -> llvm_O3_novec (measured avg 99.7% of peak across the sweep)",1.0074739341470433
polybench,gemm,njit_boundscheck,False,True,vectorizable,llvm_O3_loopvec,1.859372192843348,llvm_O3_vec_forcewidth2,2.038775533883592,"style=vectorizable, boundscheck=True -> llvm_O3_vec_forcewidth2 (measured avg 96.3% of peak across the sweep)",1.0964859761433243
polybench,gemm,njit_default,False,False,vectorizable,llvm_O3_loopvec,12.353060369120454,llvm_O3_loopvec,12.353060369120454,"style=vectorizable, boundscheck=False -> llvm_O3_loopvec (measured avg 95.5% of peak across the sweep)",1.0
polybench,gemm,njit_fastmath,True,False,vectorizable,llvm_O3_loopvec,13.723124348258379,llvm_O3_loopvec,13.723124348258379,"style=vectorizable, boundscheck=False -> llvm_O3_loopvec (measured avg 95.5% of peak across the sweep)",1.0
polybench,gemm,njit_fastmath_boundscheck,True,True,vectorizable,llvm_O3_loopvec,1.9925498555918708,llvm_O3_vec_forcewidth2,2.184489297212994,"style=vectorizable, boundscheck=True -> llvm_O3_vec_forcewidth2 (measured avg 96.3% of peak across the sweep)",1.0963285516206616
polybench,gesummv,njit_boundscheck,False,True,vectorizable,llvm_O3_loopvec,2.1799826277390113,llvm_O3_vec_forcewidth2,3.4303835415923762,"style=vectorizable, boundscheck=True -> llvm_O3_vec_forcewidth2 (measured avg 96.3% of peak across the sweep)",1.573582971691031
polybench,gesummv,njit_default,False,False,vectorizable,llvm_O3_loopvec,3.3311367373961724,llvm_O3_loopvec,3.3311367373961724,"style=vectorizable, boundscheck=False -> llvm_O3_loopvec (measured avg 95.5% of peak across the sweep)",1.0
polybench,gesummv,njit_fastmath,True,False,vectorizable,llvm_O3_loopvec,3.475955936007196,llvm_O3_loopvec,3.475955936007196,"style=vectorizable, boundscheck=False -> llvm_O3_loopvec (measured avg 95.5% of peak across the sweep)",1.0
polybench,gesummv,njit_fastmath_boundscheck,True,True,vectorizable,llvm_O3_loopvec,3.4603629831105294,llvm_O3_vec_forcewidth2,3.3418285830813694,"style=vectorizable, boundscheck=True -> llvm_O3_vec_forcewidth2 (measured avg 96.3% of peak across the sweep)",0.9657450965093237
polybench,jacobi_2d,njit_boundscheck,False,True,vectorizable,llvm_O3_loopvec,2.736946670186108,llvm_O3_vec_forcewidth2,2.72634883986582,"style=vectorizable, boundscheck=True -> llvm_O3_vec_forcewidth2 (measured avg 96.3% of peak across the sweep)",0.9961278637849501
polybench,jacobi_2d,njit_default,False,False,vectorizable,llvm_O3_loopvec,8.496641460939307,llvm_O3_loopvec,8.496641460939307,"style=vectorizable, boundscheck=False -> llvm_O3_loopvec (measured avg 95.5% of peak across the sweep)",1.0
polybench,jacobi_2d,njit_fastmath,True,False,vectorizable,llvm_O3_loopvec,8.513857148966443,llvm_O3_loopvec,8.513857148966443,"style=vectorizable, boundscheck=False -> llvm_O3_loopvec (measured avg 95.5% of peak across the sweep)",1.0
polybench,jacobi_2d,njit_fastmath_boundscheck,True,True,vectorizable,llvm_O3_loopvec,2.739943452997224,llvm_O3_vec_forcewidth2,2.7422013346187795,"style=vectorizable, boundscheck=True -> llvm_O3_vec_forcewidth2 (measured avg 96.3% of peak across the sweep)",1.000824061394072
polybench,mvt,njit_boundscheck,False,True,vectorizable,llvm_O3_loopvec,1.0725369290339095,llvm_O3_vec_forcewidth2,1.149663071817962,"style=vectorizable, boundscheck=True -> llvm_O3_vec_forcewidth2 (measured avg 96.3% of peak across the sweep)",1.0719100113909588
polybench,mvt,njit_default,False,False,vectorizable,llvm_O3_loopvec,1.1188987951235425,llvm_O3_loopvec,1.1188987951235425,"style=vectorizable, boundscheck=False -> llvm_O3_loopvec (measured avg 95.5% of peak across the sweep)",1.0
polybench,mvt,njit_fastmath,True,False,vectorizable,llvm_O3_loopvec,1.1781483573074898,llvm_O3_loopvec,1.1781483573074898,"style=vectorizable, boundscheck=False -> llvm_O3_loopvec (measured avg 95.5% of peak across the sweep)",1.0
polybench,mvt,njit_fastmath_boundscheck,True,True,vectorizable,llvm_O3_loopvec,1.1241756141986505,llvm_O3_vec_forcewidth2,1.1212698558315952,"style=vectorizable, boundscheck=True -> llvm_O3_vec_forcewidth2 (measured avg 96.3% of peak across the sweep)",0.9974152095719256
